{
    "metrics": {
        "checks": {
            "passes": 500,
            "fails": 0,
            "value": 1
        },
        "ws_connecting": {
            "avg": 1391.558749641999,
            "min": 83.373226,
            "med": 1461.3520475,
            "max": 2446.31627,
            "p(90)": 1891.3888198,
            "p(95)": 1973.3378626499982
        },
        "ws_msgs_received": {
            "count": 178747,
            "rate": 4211.19309646364
        },
        "iteration_duration": {
            "max": 42330.549565,
            "p(90)": 29180.001929300004,
            "p(95)": 38157.24810034999,
            "avg": 21245.690085104,
            "min": 10045.547516,
            "med": 19938.859399
        },
        "http_req_failed": {
            "passes": 0,
            "fails": 500,
            "value": 0
        },
        "data_sent": {
            "count": 446346,
            "rate": 10515.696452718983
        },
        "data_received": {
            "count": 2161250135,
            "rate": 50918010.642098114
        },
        "http_req_connecting": {
            "med": 3.3523385,
            "max": 1033.453915,
            "p(90)": 1005.2127212,
            "p(95)": 1006.98561065,
            "avg": 294.858890538,
            "min": 0.038962
        },
        "http_req_tls_handshaking": {
            "max": 0,
            "p(90)": 0,
            "p(95)": 0,
            "avg": 0,
            "min": 0,
            "med": 0
        },
        "http_req_sending": {
            "max": 29.809542,
            "p(90)": 1.9395096,
            "p(95)": 2.4260383499999993,
            "avg": 0.6286664459999994,
            "min": 0.010964,
            "med": 0.16264099999999998
        },
        "ws_sessions": {
            "count": 500,
            "rate": 11.779758811234988
        },
        "calls_failed": {
            "count": 1072,
            "rate": 25.255802891287814
        },
        "ws_session_duration": {
            "avg": 18810.696673434013,
            "min": 9900.393295,
            "med": 18028.682576500003,
            "max": 36844.888637,
            "p(90)": 26428.3839354,
            "p(95)": 34863.093524
        },
        "http_reqs": {
            "count": 500,
            "rate": 11.779758811234988
        },
        "ws_msgs_sent": {
            "count": 2672,
            "rate": 62.95103108723978
        },
        "iterations": {
            "rate": 11.779758811234988,
            "count": 500
        },
        "vus": {
            "value": 1,
            "min": 1,
            "max": 500
        },
        "vus_max": {
            "value": 500,
            "min": 500,
            "max": 500
        },
        "calls_completed": {
            "count": 503,
            "rate": 11.850437364102397
        },
        "http_req_receiving": {
            "avg": 20.019691159999994,
            "min": 0.02277,
            "med": 0.349073,
            "max": 680.50153,
            "p(90)": 62.04561070000029,
            "p(95)": 129.5565808999999
        },
        "http_req_waiting": {
            "max": 5425.680879,
            "p(90)": 4177.9662796,
            "p(95)": 4652.648690099996,
            "avg": 2092.6315891519994,
            "min": 85.513032,
            "med": 1746.4628555
        },
        "http_req_blocked": {
            "min": 0.062806,
            "med": 53.1545585,
            "max": 1088.595591,
            "p(90)": 1006.3545474,
            "p(95)": 1008.1929374,
            "avg": 309.03042668
        },
        "call_setup_rtt_ms": {
            "p(95)": 6111.9,
            "avg": 2376.944333996024,
            "min": 0,
            "med": 2004,
            "max": 7931,
            "p(90)": 5144.2
        },
        "http_req_duration": {
            "p(90)": 4262.739533800002,
            "p(95)": 4733.745305799999,
            "avg": 2113.279946758,
            "min": 85.717373,
            "med": 1773.4229265,
            "max": 5912.140657
        },
        "http_req_duration{expected_response:true}": {
            "max": 5912.140657,
            "p(90)": 4262.739533800002,
            "p(95)": 4733.745305799999,
            "avg": 2113.279946758,
            "min": 85.717373,
            "med": 1773.4229265
        }
    },
    "root_group": {
        "name": "",
        "path": "",
        "id": "d41d8cd98f00b204e9800998ecf8427e",
        "groups": {},
        "checks": {
                "login 200": {
                    "fails": 0,
                    "name": "login 200",
                    "path": "::login 200",
                    "id": "48b06dc5cde7f6ebb606ad7da726a2a5",
                    "passes": 500
                }
            }
    }
}