{
    "root_group": {
        "checks": {
            "login 200": {
                "name": "login 200",
                "path": "::login 200",
                "id": "48b06dc5cde7f6ebb606ad7da726a2a5",
                "passes": 2000,
                "fails": 0
            }
        },
        "name": "",
        "path": "",
        "id": "d41d8cd98f00b204e9800998ecf8427e",
        "groups": {}
    },
    "metrics": {
        "http_req_sending": {
            "avg": 10.409971458499996,
            "min": 0.013049,
            "med": 4.5077265,
            "max": 69.228532,
            "p(90)": 33.36603530000009,
            "p(95)": 40.63636265
        },
        "checks": {
            "passes": 2000,
            "fails": 0,
            "value": 1
        },
        "data_sent": {
            "count": 1415680,
            "rate": 12816.314433943628
        },
        "ws_sessions": {
            "count": 2000,
            "rate": 18.10623083457226
        },
        "http_req_blocked": {
            "med": 74.639186,
            "max": 1088.382136,
            "p(90)": 129.46713590000007,
            "p(95)": 172.0568217999998,
            "avg": 114.03992526400003,
            "min": 14.407147
        },
        "ws_msgs_received": {
            "count": 64452,
            "rate": 583.4913948749256
        },
        "http_req_tls_handshaking": {
            "avg": 0,
            "min": 0,
            "med": 0,
            "max": 0,
            "p(90)": 0,
            "p(95)": 0
        },
        "calls_failed": {
            "count": 6525,
            "rate": 59.07157809779199
        },
        "http_req_duration{expected_response:true}": {
            "avg": 7276.463633087,
            "min": 177.532422,
            "med": 7237.0278245,
            "max": 15499.900274,
            "p(90)": 12854.111227600002,
            "p(95)": 14033.028675700001
        },
        "http_req_waiting": {
            "p(90)": 12827.8727522,
            "p(95)": 13990.463430799999,
            "avg": 7263.845818984505,
            "min": 175.837111,
            "med": 7228.9459879999995,
            "max": 15465.450003
        },
        "vus": {
            "value": 3,
            "min": 3,
            "max": 2000
        },
        "call_setup_rtt_ms": {
            "avg": 3737.9146341463415,
            "min": 117,
            "med": 3604.5,
            "max": 7282,
            "p(90)": 6167,
            "p(95)": 6737.55
        },
        "ws_session_duration": {
            "avg": 59597.07128419501,
            "min": 24036.854827,
            "med": 60000.281607,
            "max": 99773.406106,
            "p(90)": 74918.8975757,
            "p(95)": 81563.18499045
        },
        "data_received": {
            "count": 871813840,
            "rate": 7892631.315907422
        },
        "http_reqs": {
            "count": 2000,
            "rate": 18.10623083457226
        },
        "http_req_connecting": {
            "p(90)": 104.43866000000001,
            "p(95)": 170.5649944,
            "avg": 110.14711999750008,
            "min": 14.376939,
            "med": 73.649527,
            "max": 1023.261555
        },
        "http_req_receiving": {
            "p(90)": 0.5236719000000002,
            "p(95)": 1.1078147999999999,
            "avg": 2.2078426439999994,
            "min": 0.018404,
            "med": 0.255604,
            "max": 586.80974
        },
        "vus_max": {
            "value": 2000,
            "min": 2000,
            "max": 2000
        },
        "calls_completed": {
            "count": 82,
            "rate": 0.7423554642174626
        },
        "iteration_duration": {
            "min": 26616.949133,
            "med": 68440.195122,
            "max": 110300.498113,
            "p(90)": 83763.37308830002,
            "p(95)": 90923.1986905,
            "avg": 66988.50901235596
        },
        "http_req_duration": {
            "med": 7237.0278245,
            "max": 15499.900274,
            "p(90)": 12854.111227600002,
            "p(95)": 14033.028675700001,
            "avg": 7276.463633087,
            "min": 177.532422
        },
        "ws_msgs_sent": {
            "count": 6553,
            "rate": 59.325065329476004
        },
        "http_req_failed": {
            "passes": 0,
            "fails": 2000,
            "value": 0
        },
        "iterations": {
            "count": 2000,
            "rate": 18.10623083457226
        },
        "ws_connecting": {
            "p(95)": 60001.048336449996,
            "avg": 33117.27732555651,
            "min": 11703.836241,
            "med": 27226.499365000003,
            "max": 60016.762168,
            "p(90)": 60000.825027
        }
    }
}