{
    "root_group": {
        "name": "",
        "path": "",
        "id": "d41d8cd98f00b204e9800998ecf8427e",
        "groups": {},
        "checks": {
                "login 200": {
                    "id": "48b06dc5cde7f6ebb606ad7da726a2a5",
                    "passes": 100,
                    "fails": 0,
                    "name": "login 200",
                    "path": "::login 200"
                }
            }
    },
    "metrics": {
        "http_req_blocked": {
            "min": 0.182366,
            "med": 1.6487995,
            "max": 43.637296,
            "p(90)": 40.4706615,
            "p(95)": 41.1738456,
            "avg": 18.436214360000008
        },
        "ws_sessions": {
            "count": 100,
            "rate": 27.522478661745918
        },
        "call_setup_rtt_ms": {
            "avg": 74.26,
            "min": 1,
            "med": 33,
            "max": 387,
            "p(90)": 205.1,
            "p(95)": 260.54999999999995
        },
        "ws_session_duration": {
            "p(95)": 3013.2072671499996,
            "avg": 2527.545414329999,
            "min": 1497.004664,
            "med": 2526.845262,
            "max": 3498.928948,
            "p(90)": 2878.7243220000005
        },
        "http_req_waiting": {
            "max": 928.682249,
            "p(90)": 834.5286091,
            "p(95)": 879.54054675,
            "avg": 446.94229639,
            "min": 77.863884,
            "med": 417.7043735
        },
        "iteration_duration": {
            "p(90)": 3413.111124,
            "p(95)": 3556.2510397,
            "avg": 3001.7773675099993,
            "min": 2334.635675,
            "med": 3040.3615745,
            "max": 3632.516487
        },
        "http_req_duration": {
            "avg": 455.36675380999986,
            "min": 78.226437,
            "med": 418.07090500000004,
            "max": 929.213304,
            "p(90)": 863.7625186,
            "p(95)": 887.33356545
        },
        "http_req_failed": {
            "passes": 0,
            "fails": 100,
            "value": 0
        },
        "checks": {
            "passes": 100,
            "fails": 0,
            "value": 1
        },
        "http_req_duration{expected_response:true}": {
            "med": 418.07090500000004,
            "max": 929.213304,
            "p(90)": 863.7625186,
            "p(95)": 887.33356545,
            "avg": 455.36675380999986,
            "min": 78.226437
        },
        "ws_connecting": {
            "p(95)": 49.8385663,
            "avg": 11.00032083,
            "min": 1.725026,
            "med": 4.2776375,
            "max": 108.302504,
            "p(90)": 34.628976
        },
        "http_req_receiving": {
            "avg": 1.9969799000000006,
            "min": 0.023365,
            "med": 0.3217095,
            "max": 72.294247,
            "p(90)": 2.8827939000000136,
            "p(95)": 5.309413249999986
        },
        "data_received": {
            "count": 112316034,
            "rate": 30912156.49136929
        },
        "http_req_tls_handshaking": {
            "min": 0,
            "med": 0,
            "max": 0,
            "p(90)": 0,
            "p(95)": 0,
            "avg": 0
        },
        "ws_msgs_received": {
            "count": 32860,
            "rate": 9043.88648824971
        },
        "data_sent": {
            "count": 110045,
            "rate": 30287.111643318294
        },
        "iterations": {
            "count": 100,
            "rate": 27.522478661745918
        },
        "http_req_sending": {
            "p(90)": 39.135595200000004,
            "p(95)": 39.22848885,
            "avg": 6.427477520000001,
            "min": 0.01391,
            "med": 0.110287,
            "max": 39.303256
        },
        "vus": {
            "value": 54,
            "min": 54,
            "max": 100
        },
        "vus_max": {
            "min": 100,
            "max": 100,
            "value": 100
        },
        "ws_msgs_sent": {
            "count": 750,
            "rate": 206.41858996309438
        },
        "calls_completed": {
            "count": 250,
            "rate": 68.8061966543648
        },
        "http_req_connecting": {
            "avg": 7.16594377,
            "min": 0.031445,
            "med": 0.13680599999999998,
            "max": 40.469478,
            "p(90)": 38.7834833,
            "p(95)": 39.23242445
        },
        "http_reqs": {
            "count": 100,
            "rate": 27.522478661745918
        }
    }
}