{
    "root_group": {
        "name": "",
        "path": "",
        "id": "d41d8cd98f00b204e9800998ecf8427e",
        "groups": {},
        "checks": {
                "login 200": {
                    "path": "::login 200",
                    "id": "48b06dc5cde7f6ebb606ad7da726a2a5",
                    "passes": 1000,
                    "fails": 0,
                    "name": "login 200"
                }
            }
    },
    "metrics": {
        "http_reqs": {
            "count": 1000,
            "rate": 14.745691869109468
        },
        "vus": {
            "value": 4,
            "min": 4,
            "max": 1000
        },
        "ws_connecting": {
            "avg": 8345.437942621003,
            "min": 5130.093635,
            "med": 6740.2544545,
            "max": 16629.499065,
            "p(90)": 14386.969108700001,
            "p(95)": 15415.1417885
        },
        "checks": {
            "fails": 0,
            "passes": 1000,
            "value": 1
        },
        "data_received": {
            "count": 3060474812,
            "rate": 45128818.55092272
        },
        "iteration_duration": {
            "avg": 37635.81709473301,
            "min": 19284.044912,
            "med": 35623.547001,
            "max": 67673.705988,
            "p(90)": 52787.7321308,
            "p(95)": 58162.953077699996
        },
        "http_req_duration{expected_response:true}": {
            "p(90)": 7395.6111474,
            "p(95)": 7701.7012669999995,
            "avg": 4099.618847256002,
            "min": 154.881199,
            "med": 4041.8625515,
            "max": 8751.922008
        },
        "http_req_receiving": {
            "avg": 1.286068878,
            "min": 0.028277,
            "med": 0.3299245,
            "max": 326.291953,
            "p(90)": 0.8707486000000001,
            "p(95)": 1.616499549999999
        },
        "http_req_failed": {
            "passes": 0,
            "fails": 1000,
            "value": 0
        },
        "ws_sessions": {
            "count": 1000,
            "rate": 14.745691869109468
        },
        "ws_msgs_received": {
            "count": 164942,
            "rate": 2432.1839082746537
        },
        "calls_failed": {
            "count": 2889,
            "rate": 42.60030380985725
        },
        "iterations": {
            "count": 1000,
            "rate": 14.745691869109468
        },
        "http_req_tls_handshaking": {
            "med": 0,
            "max": 0,
            "p(90)": 0,
            "p(95)": 0,
            "avg": 0,
            "min": 0
        },
        "http_req_blocked": {
            "avg": 151.01319669299994,
            "min": 0.059147,
            "med": 115.261076,
            "max": 1150.730671,
            "p(90)": 132.9174168,
            "p(95)": 1029.9965504999998
        },
        "http_req_waiting": {
            "med": 4040.6322105,
            "max": 8746.313605,
            "p(90)": 7394.0714791,
            "p(95)": 7701.3085197,
            "avg": 4097.122551032999,
            "min": 153.708805
        },
        "http_req_connecting": {
            "med": 14.918583,
            "max": 1032.38086,
            "p(90)": 95.01589320000001,
            "p(95)": 1014.9731674,
            "avg": 80.66866995200004,
            "min": 0.036964
        },
        "ws_msgs_sent": {
            "rate": 68.62644995883547,
            "count": 4654
        },
        "data_sent": {
            "count": 810138,
            "rate": 11946.045319456605
        },
        "http_req_sending": {
            "avg": 1.2102273449999998,
            "min": 0.010056,
            "med": 0.2573265,
            "max": 27.304823,
            "p(90)": 3.2231896,
            "p(95)": 5.22142555
        },
        "vus_max": {
            "value": 1000,
            "min": 1000,
            "max": 1000
        },
        "http_req_duration": {
            "med": 4041.8625515,
            "max": 8751.922008,
            "p(90)": 7395.6111474,
            "p(95)": 7701.7012669999995,
            "avg": 4099.618847256002,
            "min": 154.881199
        },
        "ws_session_duration": {
            "p(90)": 46941.4660431,
            "p(95)": 49869.07310845,
            "avg": 33376.64858845896,
            "min": 16453.295557,
            "med": 31267.263052000002,
            "max": 59570.82701
        },
        "calls_completed": {
            "count": 527,
            "rate": 7.770979615020689
        },
        "call_setup_rtt_ms": {
            "med": 2459,
            "max": 8064,
            "p(90)": 6196,
            "p(95)": 7110.9,
            "avg": 3085.944971537002,
            "min": 5
        }
    }
}