{
    "root_group": {
        "name": "",
        "path": "",
        "id": "d41d8cd98f00b204e9800998ecf8427e",
        "groups": {},
        "checks": {
                "login 200": {
                    "name": "login 200",
                    "path": "::login 200",
                    "id": "48b06dc5cde7f6ebb606ad7da726a2a5",
                    "passes": 4000,
                    "fails": 0
                }
            }
    },
    "metrics": {
        "http_req_duration": {
            "p(95)": 26230.2337157,
            "avg": 14017.148839897487,
            "min": 142.143453,
            "med": 14060.513020999999,
            "max": 28106.906255,
            "p(90)": 24897.8471017
        },
        "iteration_duration": {
            "p(90)": 87100.46022929999,
            "p(95)": 88435.26291554999,
            "avg": 77826.2972741509,
            "min": 42291.751544,
            "med": 77508.690749,
            "max": 110991.800412
        },
        "http_req_failed": {
            "fails": 4000,
            "passes": 0,
            "value": 0
        },
        "ws_connecting": {
            "med": 60000.302873,
            "max": 60011.067434,
            "p(90)": 60001.010546900005,
            "p(95)": 60001.1166524,
            "avg": 50799.55939067207,
            "min": 19982.995698
        },
        "http_req_sending": {
            "min": 0.010644,
            "med": 3.80706,
            "max": 132.909863,
            "p(90)": 12.357682499999997,
            "p(95)": 16.96050515,
            "avg": 6.359225131250008
        },
        "ws_session_duration": {
            "max": 100689.551574,
            "p(90)": 72675.6249635,
            "p(95)": 79084.26693429999,
            "avg": 63568.61349088147,
            "min": 41618.60285,
            "med": 60000.934325
        },
        "data_sent": {
            "count": 2560821,
            "rate": 23062.631212271182
        },
        "http_req_waiting": {
            "avg": 14010.537728210264,
            "min": 132.517043,
            "med": 14055.49911,
            "max": 28104.703674,
            "p(90)": 24892.3640723,
            "p(95)": 26229.5246273
        },
        "data_received": {
            "count": 613227484,
            "rate": 5522697.335237772
        },
        "http_req_connecting": {
            "avg": 172.01846432800068,
            "min": 0.036303,
            "med": 133.619225,
            "max": 1022.616405,
            "p(90)": 208.16601889999998,
            "p(95)": 1005.41895655
        },
        "checks": {
            "passes": 4000,
            "fails": 0,
            "value": 1
        },
        "vus_max": {
            "max": 4000,
            "value": 4000,
            "min": 4000
        },
        "ws_sessions": {
            "count": 4000,
            "rate": 36.023808321270685
        },
        "ws_msgs_received": {
            "count": 35182,
            "rate": 316.84740608973635
        },
        "iterations": {
            "count": 4000,
            "rate": 36.023808321270685
        },
        "http_req_blocked": {
            "avg": 238.65749660175047,
            "min": 0.099156,
            "med": 145.204768,
            "max": 1244.732868,
            "p(90)": 341.2310123,
            "p(95)": 1016.469879
        },
        "calls_completed": {
            "count": 58,
            "rate": 0.5223452206584249
        },
        "http_reqs": {
            "count": 4000,
            "rate": 36.023808321270685
        },
        "calls_failed": {
            "rate": 56.548373112314664,
            "count": 6279
        },
        "http_req_receiving": {
            "p(90)": 0.35739339999999997,
            "p(95)": 0.48302474999999995,
            "avg": 0.25188655600000065,
            "min": 0.02168,
            "med": 0.196555,
            "max": 10.280773
        },
        "ws_msgs_sent": {
            "count": 6349,
            "rate": 57.1787897579369
        },
        "vus": {
            "max": 4000,
            "value": 3,
            "min": 3
        },
        "call_setup_rtt_ms": {
            "avg": 4101.172413793103,
            "min": 16,
            "med": 3898,
            "max": 7967,
            "p(90)": 7379.800000000001,
            "p(95)": 7613.3
        },
        "http_req_duration{expected_response:true}": {
            "avg": 14017.148839897487,
            "min": 142.143453,
            "med": 14060.513020999999,
            "max": 28106.906255,
            "p(90)": 24897.8471017,
            "p(95)": 26230.2337157
        },
        "http_req_tls_handshaking": {
            "p(95)": 0,
            "avg": 0,
            "min": 0,
            "med": 0,
            "max": 0,
            "p(90)": 0
        }
    }
}