{
    "metrics": {
        "vus": {
            "value": 2,
            "min": 2,
            "max": 500
        },
        "http_reqs": {
            "count": 500,
            "rate": 9.815785987677044
        },
        "call_setup_rtt_ms": {
            "avg": 1511.4563106796118,
            "min": 0,
            "med": 515.5,
            "max": 8388,
            "p(90)": 5760.500000000004,
            "p(95)": 6650.499999999999
        },
        "data_received": {
            "count": 1890621792,
            "rate": 37115877.78782093
        },
        "ws_sessions": {
            "count": 500,
            "rate": 9.815785987677044
        },
        "iteration_duration": {
            "avg": 19212.08270048201,
            "min": 2967.182015,
            "med": 17659.021810500002,
            "max": 50815.875195,
            "p(90)": 31859.184644800007,
            "p(95)": 36746.7559379
        },
        "http_req_sending": {
            "avg": 0.671953118,
            "min": 0.00982,
            "med": 0.27741499999999997,
            "max": 8.025644,
            "p(90)": 2.0740929,
            "p(95)": 2.8338206
        },
        "vus_max": {
            "value": 500,
            "min": 500,
            "max": 500
        },
        "data_sent": {
            "count": 458370,
            "rate": 8998.523646343054
        },
        "ws_connecting": {
            "min": 2.292783,
            "med": 21.6830015,
            "max": 1288.622578,
            "p(90)": 293.0970511000001,
            "p(95)": 459.89948919999904,
            "avg": 89.56300383200009
        },
        "ws_session_duration": {
            "avg": 15368.007712547998,
            "min": 2745.440346,
            "med": 12708.2205645,
            "max": 42942.571785,
            "p(90)": 25658.037473200002,
            "p(95)": 33456.718009849996
        },
        "http_req_tls_handshaking": {
            "avg": 0,
            "min": 0,
            "med": 0,
            "max": 0,
            "p(90)": 0,
            "p(95)": 0
        },
        "http_req_receiving": {
            "avg": 85.7634283359999,
            "min": 0.027905,
            "med": 1.831952,
            "max": 1134.004166,
            "p(90)": 303.20576420000003,
            "p(95)": 444.0860491999996
        },
        "ws_msgs_received": {
            "count": 175214,
            "rate": 3439.7262520896916
        },
        "checks": {
            "fails": 0,
            "passes": 500,
            "value": 1
        },
        "calls_completed": {
            "count": 618,
            "rate": 12.132311480768827
        },
        "http_req_duration{expected_response:true}": {
            "avg": 3411.527983624,
            "min": 97.834454,
            "med": 3591.1576105,
            "max": 8329.332059,
            "p(90)": 6038.2215433,
            "p(95)": 6402.14341435
        },
        "http_req_duration": {
            "avg": 3411.527983624,
            "min": 97.834454,
            "med": 3591.1576105,
            "max": 8329.332059,
            "p(90)": 6038.2215433,
            "p(95)": 6402.14341435
        },
        "http_req_blocked": {
            "avg": 405.7224024859998,
            "min": 0.063306,
            "med": 34.171172,
            "max": 2047.240913,
            "p(90)": 1026.5145954000002,
            "p(95)": 1031.40887915
        },
        "http_req_failed": {
            "passes": 0,
            "fails": 500,
            "value": 0
        },
        "ws_msgs_sent": {
            "count": 2740,
            "rate": 53.7905072124702
        },
        "iterations": {
            "rate": 9.815785987677044,
            "count": 500
        },
        "calls_failed": {
            "count": 866,
            "rate": 17.00094133065664
        },
        "http_req_connecting": {
            "max": 2047.213971,
            "p(90)": 1026.4917404,
            "p(95)": 1031.28059845,
            "avg": 399.5791680060001,
            "min": 0.042279,
            "med": 0.729014
        },
        "http_req_waiting": {
            "max": 7193.338421,
            "p(90)": 5886.8676346,
            "p(95)": 6222.4499816,
            "avg": 3325.09260217,
            "min": 97.280001,
            "med": 3556.038772
        }
    },
    "root_group": {
        "name": "",
        "path": "",
        "id": "d41d8cd98f00b204e9800998ecf8427e",
        "groups": {},
        "checks": {
                "login 200": {
                    "name": "login 200",
                    "path": "::login 200",
                    "id": "48b06dc5cde7f6ebb606ad7da726a2a5",
                    "passes": 500,
                    "fails": 0
                }
            }
    }
}