{
    "root_group": {
        "name": "",
        "path": "",
        "id": "d41d8cd98f00b204e9800998ecf8427e",
        "groups": {},
        "checks": {
                "login 200": {
                    "name": "login 200",
                    "path": "::login 200",
                    "id": "48b06dc5cde7f6ebb606ad7da726a2a5",
                    "passes": 2000,
                    "fails": 0
                }
            }
    },
    "metrics": {
        "http_req_sending": {
            "p(90)": 73.08929600000002,
            "p(95)": 108.99974744999999,
            "avg": 20.11174689350002,
            "min": 0.010163,
            "med": 2.5604240000000003,
            "max": 199.992764
        },
        "ws_connecting": {
            "p(90)": 968.678173,
            "p(95)": 1311.39938775,
            "avg": 374.71649558499973,
            "min": 0.914253,
            "med": 204.67150700000002,
            "max": 3621.250869
        },
        "http_req_failed": {
            "passes": 0,
            "fails": 2000,
            "value": 0
        },
        "ws_msgs_sent": {
            "count": 9567,
            "rate": 116.67751930532515
        },
        "http_reqs": {
            "rate": 24.39166286303442,
            "count": 2000
        },
        "http_req_waiting": {
            "p(90)": 26447.712839300002,
            "p(95)": 27979.287517449997,
            "avg": 14390.786707578005,
            "min": 93.638664,
            "med": 14245.6660205,
            "max": 30323.681421
        },
        "http_req_connecting": {
            "p(90)": 1050.7750299,
            "p(95)": 1086.48233645,
            "avg": 316.3797793804997,
            "min": 0.04924,
            "med": 42.49511,
            "max": 2087.660768
        },
        "data_received": {
            "count": 4688940811,
            "rate": 57185531.72331759
        },
        "call_setup_rtt_ms": {
            "max": 1783045251148,
            "p(90)": 5642.900000000001,
            "p(95)": 7130.199999999997,
            "avg": 44576133068.99167,
            "min": 2,
            "med": 1047
        },
        "ws_session_duration": {
            "min": 2330.569497,
            "med": 45101.012228499996,
            "max": 55779.24855,
            "p(90)": 48584.5693267,
            "p(95)": 49652.62985975,
            "avg": 41276.75408564461
        },
        "checks": {
            "passes": 2000,
            "fails": 0,
            "value": 1
        },
        "ws_msgs_received": {
            "count": 308156,
            "rate": 3758.2186306106173
        },
        "http_req_tls_handshaking": {
            "p(95)": 0,
            "avg": 0,
            "min": 0,
            "med": 0,
            "max": 0,
            "p(90)": 0
        },
        "vus": {
            "value": 1,
            "min": 1,
            "max": 2000
        },
        "calls_failed": {
            "count": 8898,
            "rate": 108.51850807764013
        },
        "http_req_duration{expected_response:true}": {
            "min": 137.904945,
            "med": 14518.347182000001,
            "max": 31279.653715,
            "p(90)": 26991.3503162,
            "p(95)": 28491.6316094,
            "avg": 14621.669267818996
        },
        "http_req_blocked": {
            "avg": 415.6227874934998,
            "min": 0.256522,
            "med": 137.27629050000002,
            "max": 2189.187158,
            "p(90)": 1168.3569494,
            "p(95)": 1197.4662461
        },
        "calls_completed": {
            "count": 120,
            "rate": 1.463499771782065
        },
        "http_req_duration": {
            "min": 137.904945,
            "med": 14518.347182000001,
            "max": 31279.653715,
            "p(90)": 26991.3503162,
            "p(95)": 28491.6316094,
            "avg": 14621.669267818996
        },
        "ws_sessions": {
            "count": 2000,
            "rate": 24.39166286303442
        },
        "http_req_receiving": {
            "p(95)": 1023.2682298999998,
            "avg": 210.77081334750005,
            "min": 0.017579,
            "med": 19.034542000000002,
            "max": 3578.503843,
            "p(90)": 700.6771308000003
        },
        "vus_max": {
            "value": 2000,
            "min": 2000,
            "max": 2000
        },
        "data_sent": {
            "count": 1514521,
            "rate": 18470.842815492877
        },
        "iteration_duration": {
            "max": 81981.565587,
            "p(90)": 74457.07033809999,
            "p(95)": 76124.29758695,
            "avg": 56737.42628950043,
            "min": 3178.952316,
            "med": 59700.677177499994
        },
        "iterations": {
            "rate": 24.39166286303442,
            "count": 2000
        }
    }
}