{
    "root_group": {
        "name": "",
        "path": "",
        "id": "d41d8cd98f00b204e9800998ecf8427e",
        "groups": {},
        "checks": {
                "login 200": {
                    "name": "login 200",
                    "path": "::login 200",
                    "id": "48b06dc5cde7f6ebb606ad7da726a2a5",
                    "passes": 1000,
                    "fails": 0
                }
            }
    },
    "metrics": {
        "ws_sessions": {
            "count": 1000,
            "rate": 16.4989305597138
        },
        "vus_max": {
            "value": 1000,
            "min": 1000,
            "max": 1000
        },
        "http_req_connecting": {
            "min": 0.038386,
            "med": 11.909937,
            "max": 1103.906379,
            "p(90)": 1033.0050310000001,
            "p(95)": 1040.19125515,
            "avg": 207.13146002999986
        },
        "http_req_duration{expected_response:true}": {
            "min": 100.436877,
            "med": 6854.626399,
            "max": 14818.276137,
            "p(90)": 12243.0811293,
            "p(95)": 13021.5685879,
            "avg": 6906.6875552650035
        },
        "calls_failed": {
            "rate": 50.25574248488823,
            "count": 3046
        },
        "http_reqs": {
            "count": 1000,
            "rate": 16.4989305597138
        },
        "http_req_sending": {
            "p(95)": 9.6107532,
            "avg": 2.4836357560000013,
            "min": 0.013176,
            "med": 0.3438805,
            "max": 34.432554,
            "p(90)": 7.458379700000012
        },
        "http_req_duration": {
            "avg": 6906.6875552650035,
            "min": 100.436877,
            "med": 6854.626399,
            "max": 14818.276137,
            "p(90)": 12243.0811293,
            "p(95)": 13021.5685879
        },
        "data_sent": {
            "count": 794348,
            "rate": 13105.892492247536
        },
        "iterations": {
            "count": 1000,
            "rate": 16.4989305597138
        },
        "ws_session_duration": {
            "max": 47508.744137,
            "p(90)": 43138.2322076,
            "p(95)": 44014.167565799995,
            "avg": 28071.620542786986,
            "min": 3491.332168,
            "med": 27900.675729
        },
        "data_received": {
            "rate": 68631935.2557858,
            "count": 4159780842
        },
        "ws_connecting": {
            "p(90)": 701.2677387000001,
            "p(95)": 981.4508018999986,
            "avg": 233.2473713,
            "min": 0.942014,
            "med": 71.58601999999999,
            "max": 2566.8117
        },
        "http_req_failed": {
            "passes": 0,
            "fails": 1000,
            "value": 0
        },
        "checks": {
            "passes": 1000,
            "fails": 0,
            "value": 1
        },
        "calls_completed": {
            "count": 333,
            "rate": 5.494143876384695
        },
        "http_req_blocked": {
            "avg": 273.9316329680002,
            "min": 0.066323,
            "med": 103.95416850000001,
            "max": 1191.542416,
            "p(90)": 1148.1652374,
            "p(95)": 1154.82171545
        },
        "http_req_tls_handshaking": {
            "p(90)": 0,
            "p(95)": 0,
            "avg": 0,
            "min": 0,
            "med": 0,
            "max": 0
        },
        "http_req_waiting": {
            "p(95)": 12900.65644415,
            "avg": 6723.348695221999,
            "min": 99.385164,
            "med": 6705.2233975,
            "max": 13467.540138,
            "p(90)": 12009.616928500003
        },
        "ws_msgs_sent": {
            "count": 4527,
            "rate": 74.69065864382436
        },
        "http_req_receiving": {
            "med": 13.1943155,
            "max": 3171.76859,
            "p(90)": 584.0307775,
            "p(95)": 887.9712636999997,
            "avg": 180.85522428699994,
            "min": 0.017155
        },
        "iteration_duration": {
            "avg": 35437.87407295704,
            "min": 4530.017226,
            "med": 37985.201002500005,
            "max": 60595.827669,
            "p(90)": 52431.57139230001,
            "p(95)": 55422.8444723
        },
        "ws_msgs_received": {
            "count": 260009,
            "rate": 4289.870435900625
        },
        "vus": {
            "value": 2,
            "min": 2,
            "max": 1000
        },
        "call_setup_rtt_ms": {
            "p(90)": 5945.200000000001,
            "p(95)": 7233.399999999998,
            "avg": 5354492277.327328,
            "min": 0,
            "med": 1397,
            "max": 1783045189802
        }
    }
}