{
    "metrics": {
        "checks": {
            "passes": 1961,
            "fails": 2039,
            "value": 0.49025
        },
        "data_sent": {
            "count": 1869473,
            "rate": 22472.96788843405
        },
        "http_req_failed": {
            "passes": 2039,
            "fails": 1961,
            "value": 0.50975
        },
        "vus_max": {
            "value": 4000,
            "min": 4000,
            "max": 4000
        },
        "call_setup_rtt_ms": {
            "avg": 10033,
            "min": 10033,
            "med": 10033,
            "max": 10033,
            "p(90)": 10033,
            "p(95)": 10033
        },
        "ws_sessions": {
            "count": 1961,
            "rate": 23.573215568889825
        },
        "calls_failed": {
            "count": 11748,
            "rate": 141.22291509603144
        },
        "http_req_duration{expected_response:true}": {
            "med": 14511.264447,
            "max": 32488.871705,
            "p(90)": 27555.67406,
            "p(95)": 30105.892223,
            "avg": 15016.679964996412,
            "min": 151.28864
        },
        "calls_completed": {
            "count": 1,
            "rate": 0.01202101762819471
        },
        "http_req_waiting": {
            "min": 122.912125,
            "med": 30345.578228500002,
            "max": 34474.38082,
            "p(90)": 33459.8806519,
            "p(95)": 33596.5774993,
            "avg": 23813.745095272283
        },
        "http_req_receiving": {
            "avg": 137.22229099550043,
            "min": 0.015844,
            "med": 29.915395,
            "max": 2915.004718,
            "p(90)": 363.22674899999976,
            "p(95)": 890.9602849999999
        },
        "http_reqs": {
            "rate": 48.084070512778844,
            "count": 4000
        },
        "http_req_sending": {
            "med": 5.3246255,
            "max": 42.186606,
            "p(90)": 17.611527199999998,
            "p(95)": 24.74055725,
            "avg": 7.4109861599999975,
            "min": 0.013399
        },
        "http_req_tls_handshaking": {
            "avg": 0,
            "min": 0,
            "med": 0,
            "max": 0,
            "p(90)": 0,
            "p(95)": 0
        },
        "ws_msgs_sent": {
            "count": 10122,
            "rate": 121.67674043258685
        },
        "iteration_duration": {
            "avg": 48084.25490553984,
            "min": 19551.206375,
            "med": 36443.619445000004,
            "max": 83163.163947,
            "p(90)": 71037.99851319999,
            "p(95)": 75913.52730145
        },
        "http_req_duration": {
            "p(95)": 33689.029542899996,
            "avg": 23958.3783724278,
            "min": 151.28864,
            "med": 30560.473410500003,
            "max": 34606.84916,
            "p(90)": 33561.9395983
        },
        "ws_connecting": {
            "avg": 315.93823744518113,
            "min": 0.809591,
            "med": 198.645277,
            "max": 2992.036168,
            "p(90)": 820.430246,
            "p(95)": 1055.696375
        },
        "ws_session_duration": {
            "max": 54458.654314,
            "p(90)": 49609.309197,
            "p(95)": 50743.338798,
            "avg": 46458.1526610193,
            "min": 18554.174475,
            "med": 46484.312527
        },
        "ws_msgs_received": {
            "count": 304010,
            "rate": 3654.509569147474
        },
        "iterations": {
            "count": 4000,
            "rate": 48.084070512778844
        },
        "http_req_blocked": {
            "min": 32.719059,
            "med": 344.2245275,
            "max": 1395.975402,
            "p(90)": 1351.6325141,
            "p(95)": 1362.2461892000001,
            "avg": 673.6112700019992
        },
        "http_req_connecting": {
            "max": 1334.034264,
            "p(90)": 1053.9373259000001,
            "p(95)": 1062.0507769,
            "avg": 417.30073879050036,
            "min": 26.604348,
            "med": 112.9457765
        },
        "vus": {
            "value": 3,
            "min": 3,
            "max": 4000
        },
        "data_received": {
            "count": 4061137905,
            "rate": 48819010.34653474
        }
    },
    "root_group": {
        "name": "",
        "path": "",
        "id": "d41d8cd98f00b204e9800998ecf8427e",
        "groups": {},
        "checks": {
                "login 200": {
                    "passes": 1961,
                    "fails": 2039,
                    "name": "login 200",
                    "path": "::login 200",
                    "id": "48b06dc5cde7f6ebb606ad7da726a2a5"
                }
            }
    }
}