{
    "root_group": {
        "checks": {
            "login 200": {
                "name": "login 200",
                "path": "::login 200",
                "id": "48b06dc5cde7f6ebb606ad7da726a2a5",
                "passes": 100,
                "fails": 0
            }
        },
        "name": "",
        "path": "",
        "id": "d41d8cd98f00b204e9800998ecf8427e",
        "groups": {}
    },
    "metrics": {
        "http_req_tls_handshaking": {
            "avg": 0,
            "min": 0,
            "med": 0,
            "max": 0,
            "p(90)": 0,
            "p(95)": 0
        },
        "ws_msgs_sent": {
            "count": 750,
            "rate": 178.1326340298974
        },
        "http_req_connecting": {
            "avg": 4.202306889999999,
            "min": 0.032803,
            "med": 0.721777,
            "max": 22.697584,
            "p(90)": 21.934095300000003,
            "p(95)": 22.44678135
        },
        "http_req_waiting": {
            "avg": 875.3188819300001,
            "min": 401.625853,
            "med": 859.503835,
            "max": 1424.797717,
            "p(90)": 1317.8846413,
            "p(95)": 1358.5177803
        },
        "http_req_blocked": {
            "max": 24.162415,
            "p(90)": 23.559047500000002,
            "p(95)": 23.822531,
            "avg": 11.062068360000001,
            "min": 0.624212,
            "med": 2.3188744999999997
        },
        "checks": {
            "passes": 100,
            "fails": 0,
            "value": 1
        },
        "ws_session_duration": {
            "avg": 2764.8277682200005,
            "min": 1586.512599,
            "med": 2775.570174,
            "max": 3583.208177,
            "p(90)": 3120.0263328,
            "p(95)": 3376.388482
        },
        "http_req_receiving": {
            "p(90)": 7.572872100000003,
            "p(95)": 11.342091349999997,
            "avg": 2.8942436700000003,
            "min": -0.026106,
            "med": 0.97521,
            "max": 42.37809
        },
        "ws_msgs_received": {
            "count": 33298,
            "rate": 7908.613930570032
        },
        "vus_max": {
            "min": 100,
            "max": 100,
            "value": 100
        },
        "http_req_duration": {
            "min": 402.929465,
            "med": 861.819694,
            "max": 1425.743844,
            "p(90)": 1320.4552326000003,
            "p(95)": 1366.6444652,
            "avg": 878.3203550100002
        },
        "call_setup_rtt_ms": {
            "med": 77.5,
            "max": 592,
            "p(90)": 281.5,
            "p(95)": 355.8999999999997,
            "avg": 115.612,
            "min": 2
        },
        "http_req_duration{expected_response:true}": {
            "avg": 878.3203550100002,
            "min": 402.929465,
            "med": 861.819694,
            "max": 1425.743844,
            "p(90)": 1320.4552326000003,
            "p(95)": 1366.6444652
        },
        "data_received": {
            "count": 115815452,
            "rate": 27507348.701497532
        },
        "http_req_sending": {
            "avg": 0.10722941000000004,
            "min": 0.010322,
            "med": 0.050963999999999995,
            "max": 0.48679,
            "p(90)": 0.33220660000000013,
            "p(95)": 0.4240356
        },
        "ws_sessions": {
            "count": 100,
            "rate": 23.751017870652987
        },
        "ws_connecting": {
            "p(90)": 44.1886742,
            "p(95)": 47.53627419999998,
            "avg": 18.703600899999998,
            "min": 3.409076,
            "med": 11.546997000000001,
            "max": 70.644308
        },
        "vus": {
            "value": 22,
            "min": 22,
            "max": 100
        },
        "data_sent": {
            "count": 110045,
            "rate": 26136.807615760077
        },
        "iterations": {
            "count": 100,
            "rate": 23.751017870652987
        },
        "http_reqs": {
            "rate": 23.751017870652987,
            "count": 100
        },
        "iteration_duration": {
            "max": 4210.351234,
            "p(90)": 4013.4563523000006,
            "p(95)": 4151.668146,
            "avg": 3655.567873390001,
            "min": 2996.185679,
            "med": 3675.492628
        },
        "http_req_failed": {
            "passes": 0,
            "fails": 100,
            "value": 0
        },
        "calls_completed": {
            "count": 250,
            "rate": 59.37754467663247
        }
    }
}