{
    "root_group": {
        "name": "",
        "path": "",
        "id": "d41d8cd98f00b204e9800998ecf8427e",
        "groups": {},
        "checks": {
                "login 200": {
                    "fails": 0,
                    "name": "login 200",
                    "path": "::login 200",
                    "id": "48b06dc5cde7f6ebb606ad7da726a2a5",
                    "passes": 100
                }
            }
    },
    "metrics": {
        "vus_max": {
            "value": 100,
            "min": 100,
            "max": 100
        },
        "iteration_duration": {
            "avg": 8942.705328760003,
            "min": 5119.179824,
            "med": 6334.7391005,
            "max": 55621.388063,
            "p(90)": 7384.678122600035,
            "p(95)": 13449.223241999875
        },
        "checks": {
            "passes": 100,
            "fails": 0,
            "value": 1
        },
        "calls_failed": {
            "count": 50,
            "rate": 0.8982888486398022,
            "thresholds": {
                "count==0": true
            }
        },
        "http_req_connecting": {
            "p(95)": 40.771833449999995,
            "avg": 6.400927710000002,
            "min": 0.039943,
            "med": 0.2039335,
            "max": 42.033283,
            "p(90)": 36.5772428
        },
        "vus": {
            "min": 5,
            "max": 100,
            "value": 5
        },
        "ws_msgs_received": {
            "count": 55977,
            "rate": 1005.6702976062041
        },
        "http_reqs": {
            "count": 100,
            "rate": 1.7965776972796044
        },
        "iterations": {
            "rate": 1.7965776972796044,
            "count": 100
        },
        "http_req_tls_handshaking": {
            "avg": 0,
            "min": 0,
            "med": 0,
            "max": 0,
            "p(90)": 0,
            "p(95)": 0
        },
        "ws_msgs_sent": {
            "count": 1400,
            "rate": 25.152087761914462
        },
        "ws_session_duration": {
            "min": 4432.948458,
            "med": 5598.3591315,
            "max": 54207.349357,
            "p(90)": 6911.901927100037,
            "p(95)": 13022.482873399877,
            "avg": 8189.74192806
        },
        "ws_sessions": {
            "count": 100,
            "rate": 1.7965776972796044
        },
        "http_req_duration{expected_response:true}": {
            "avg": 740.3146968499999,
            "min": 139.321087,
            "med": 690.8211775,
            "max": 1505.084794,
            "p(90)": 1333.2088982000005,
            "p(95)": 1429.14532335
        },
        "http_req_waiting": {
            "max": 1504.966966,
            "p(90)": 1332.0482061000005,
            "p(95)": 1423.28563355,
            "avg": 735.9438514299997,
            "min": 137.500219,
            "med": 684.2410155
        },
        "data_received": {
            "rate": 3665471.9227296324,
            "count": 204025238
        },
        "http_req_blocked": {
            "med": 1.3157815,
            "max": 46.925483,
            "p(90)": 42.793500800000004,
            "p(95)": 43.25873095,
            "avg": 11.733799390000001,
            "min": 0.082586
        },
        "http_req_sending": {
            "min": 0.015106,
            "med": 0.2537185,
            "max": 41.180255,
            "p(90)": 1.0482323000000002,
            "p(95)": 1.6243303999999998,
            "avg": 1.59709793
        },
        "http_req_duration": {
            "avg": 740.3146968499999,
            "min": 139.321087,
            "med": 690.8211775,
            "max": 1505.084794,
            "p(90)": 1333.2088982000005,
            "p(95)": 1429.14532335
        },
        "http_req_receiving": {
            "p(90)": 10.1895865,
            "p(95)": 11.910062699999997,
            "avg": 2.77374749,
            "min": 0.045423,
            "med": 0.8372385,
            "max": 25.661589
        },
        "call_setup_rtt_ms": {
            "med": 87.5,
            "max": 1249,
            "p(90)": 419.5000000000001,
            "p(95)": 607.0499999999995,
            "avg": 165.82666666666665,
            "min": 1
        },
        "http_req_failed": {
            "passes": 0,
            "fails": 100,
            "value": 0
        },
        "calls_completed": {
            "count": 450,
            "rate": 8.08459963775822
        },
        "data_sent": {
            "count": 153815,
            "rate": 2763.4059850706235
        },
        "ws_connecting": {
            "med": 16.326698999999998,
            "max": 57.073486,
            "p(90)": 37.24963000000001,
            "p(95)": 40.6926093,
            "avg": 19.19984563,
            "min": 3.909487
        }
    }
}