{
    "root_group": {
        "path": "",
        "id": "d41d8cd98f00b204e9800998ecf8427e",
        "groups": {},
        "checks": {
                "login 200": {
                    "name": "login 200",
                    "path": "::login 200",
                    "id": "48b06dc5cde7f6ebb606ad7da726a2a5",
                    "passes": 200,
                    "fails": 0
                }
            },
        "name": ""
    },
    "metrics": {
        "vus_max": {
            "value": 200,
            "min": 200,
            "max": 200
        },
        "iterations": {
            "count": 200,
            "rate": 2.0747562369978616
        },
        "ws_sessions": {
            "count": 200,
            "rate": 2.0747562369978616
        },
        "http_req_waiting": {
            "avg": 1101.4203792949995,
            "min": 124.693169,
            "med": 1107.3687755,
            "max": 2272.448754,
            "p(90)": 1916.1645197,
            "p(95)": 2006.31464055
        },
        "http_req_sending": {
            "avg": 1.2093384249999999,
            "min": 0.011204,
            "med": 0.105868,
            "max": 103.11567,
            "p(90)": 1.5563565,
            "p(95)": 1.8468252499999998
        },
        "http_req_duration{expected_response:true}": {
            "max": 2274.748168,
            "p(90)": 1999.8928961999998,
            "p(95)": 2075.89198695,
            "avg": 1134.7088963299996,
            "min": 124.92299,
            "med": 1132.8083275
        },
        "http_req_blocked": {
            "max": 113.535885,
            "p(90)": 106.16617719999999,
            "p(95)": 106.2636989,
            "avg": 63.60560676,
            "min": 0.71661,
            "med": 67.56176049999999
        },
        "checks": {
            "passes": 200,
            "fails": 0,
            "value": 1
        },
        "call_setup_rtt_ms": {
            "avg": 829.5633561643835,
            "min": 0,
            "med": 599,
            "max": 3878,
            "p(90)": 1915.5000000000007,
            "p(95)": 2360.85
        },
        "calls_failed": {
            "count": 1754,
            "rate": 18.195612198471245
        },
        "data_received": {
            "count": 1188811659,
            "rate": 12332472.020630125
        },
        "http_req_tls_handshaking": {
            "min": 0,
            "med": 0,
            "max": 0,
            "p(90)": 0,
            "p(95)": 0,
            "avg": 0
        },
        "ws_msgs_received": {
            "count": 162592,
            "rate": 1686.6938304297817
        },
        "http_reqs": {
            "count": 200,
            "rate": 2.0747562369978616
        },
        "http_req_connecting": {
            "max": 110.881342,
            "p(90)": 37.1854602,
            "p(95)": 65.26153094999997,
            "avg": 8.680926235000005,
            "min": 0.032039,
            "med": 0.1367425
        },
        "vus": {
            "value": 6,
            "min": 6,
            "max": 200
        },
        "ws_session_duration": {
            "max": 94248.252144,
            "p(90)": 34325.41465089999,
            "p(95)": 93562.9624866,
            "avg": 26999.891843339996,
            "min": 12022.350904,
            "med": 19055.3077425
        },
        "ws_connecting": {
            "avg": 59.04737682,
            "min": 3.103886,
            "med": 27.7102605,
            "max": 402.384173,
            "p(90)": 142.75605769999999,
            "p(95)": 216.52515424999984
        },
        "calls_completed": {
            "count": 584,
            "rate": 6.058288212033756
        },
        "iteration_duration": {
            "p(95)": 95521.79376320001,
            "avg": 28211.311656765003,
            "min": 13361.225081,
            "med": 19496.628775999998,
            "max": 96402.513286,
            "p(90)": 35048.575219
        },
        "data_sent": {
            "rate": 3166.980536621831,
            "count": 305287
        },
        "http_req_receiving": {
            "min": 0.025686,
            "med": 0.7152595,
            "max": 421.408165,
            "p(90)": 116.84788479999993,
            "p(95)": 197.5741999499998,
            "avg": 32.07917860999999
        },
        "http_req_failed": {
            "passes": 0,
            "fails": 200,
            "value": 0
        },
        "ws_msgs_sent": {
            "count": 3350,
            "rate": 34.75216696971418
        },
        "http_req_duration": {
            "avg": 1134.7088963299996,
            "min": 124.92299,
            "med": 1132.8083275,
            "max": 2274.748168,
            "p(90)": 1999.8928961999998,
            "p(95)": 2075.89198695
        }
    }
}