{
    "root_group": {
        "id": "d41d8cd98f00b204e9800998ecf8427e",
        "groups": {},
        "checks": {
                "login 200": {
                    "fails": 0,
                    "name": "login 200",
                    "path": "::login 200",
                    "id": "48b06dc5cde7f6ebb606ad7da726a2a5",
                    "passes": 200
                }
            },
        "name": "",
        "path": ""
    },
    "metrics": {
        "iteration_duration": {
            "med": 18166.611332,
            "max": 96681.498199,
            "p(90)": 33106.788845999996,
            "p(95)": 95809.0730324,
            "avg": 25297.85577281001,
            "min": 11052.630013
        },
        "http_req_sending": {
            "min": 0.012351,
            "med": 0.11055200000000001,
            "max": 9.014611,
            "p(90)": 0.4793343999999998,
            "p(95)": 1.0618051499999994,
            "avg": 0.47836389500000026
        },
        "http_req_receiving": {
            "p(95)": 41.00492399999991,
            "avg": 6.755337450000001,
            "min": 0.030667,
            "med": 0.7395345,
            "max": 131.292883,
            "p(90)": 15.689920399999998
        },
        "calls_completed": {
            "count": 731,
            "rate": 7.557872848819412
        },
        "http_req_blocked": {
            "p(90)": 1075.3553027,
            "p(95)": 1078.995916,
            "avg": 190.36429101000002,
            "min": 0.07266,
            "med": 1.8255295,
            "max": 1080.774566
        },
        "http_req_waiting": {
            "p(90)": 2028.5522609,
            "p(95)": 2358.6336996500004,
            "avg": 1159.7810321850002,
            "min": 106.031456,
            "med": 1124.4147444999999,
            "max": 2791.902446
        },
        "checks": {
            "passes": 200,
            "fails": 0,
            "value": 1
        },
        "ws_msgs_received": {
            "count": 175348,
            "rate": 1812.9382876809661
        },
        "calls_failed": {
            "count": 1647,
            "rate": 17.02847685636877
        },
        "data_sent": {
            "count": 328428,
            "rate": 3395.6457783749133
        },
        "iterations": {
            "count": 200,
            "rate": 2.06781746889724
        },
        "ws_sessions": {
            "count": 200,
            "rate": 2.06781746889724
        },
        "http_req_connecting": {
            "p(90)": 1011.2666455,
            "p(95)": 1016.4244901999999,
            "avg": 171.896727785,
            "min": 0.037977,
            "med": 0.2547545,
            "max": 1069.617238
        },
        "http_req_failed": {
            "passes": 0,
            "fails": 200,
            "value": 0
        },
        "call_setup_rtt_ms": {
            "p(95)": 2145.5,
            "avg": 586.4596443228454,
            "min": 0,
            "med": 303,
            "max": 4124,
            "p(90)": 1558
        },
        "http_req_duration": {
            "max": 2793.199385,
            "p(90)": 2028.7779680999997,
            "p(95)": 2360.05658735,
            "avg": 1167.0147335299998,
            "min": 106.735171,
            "med": 1125.9872180000002
        },
        "http_req_tls_handshaking": {
            "min": 0,
            "med": 0,
            "max": 0,
            "p(90)": 0,
            "p(95)": 0,
            "avg": 0
        },
        "vus_max": {
            "value": 200,
            "min": 200,
            "max": 200
        },
        "http_reqs": {
            "count": 200,
            "rate": 2.06781746889724
        },
        "data_received": {
            "count": 1245632018,
            "rate": 12878698.233190605
        },
        "ws_connecting": {
            "avg": 29.135507759999996,
            "min": 3.473117,
            "med": 22.40928,
            "max": 119.282985,
            "p(90)": 63.10518559999999,
            "p(95)": 82.77273414999999
        },
        "vus": {
            "value": 4,
            "min": 4,
            "max": 200
        },
        "http_req_duration{expected_response:true}": {
            "min": 106.735171,
            "med": 1125.9872180000002,
            "max": 2793.199385,
            "p(90)": 2028.7779680999997,
            "p(95)": 2360.05658735,
            "avg": 1167.0147335299998
        },
        "ws_msgs_sent": {
            "count": 3599,
            "rate": 37.21037535280583
        },
        "ws_session_duration": {
            "avg": 23939.060764340007,
            "min": 10336.718435,
            "med": 17120.844434,
            "max": 94301.13158,
            "p(90)": 31790.404473799998,
            "p(95)": 93221.36493995
        }
    }
}